data_type;data_format;data_format_name;model_version;default_encoding;default_srid;path_type
road_import;ign_route500;IGN - Route500;;LATIN1;2154;directory
road_import;ign_route500;IGN - Route500;2.1;LATIN1;2154;directory
road_import;ign_route120;IGN - Route120;;LATIN1;2154;directory
road_import;ign_route120;IGN - Route120;1.1;LATIN1;2154;directory
road_import;ign_bdtopo;IGN - BDTopo;;UTF-8;2154;directory
road_import;ign_bdtopo;IGN - BDTopo;2.2;UTF-8;2154;directory
road_import;ign_bdcarto;IGN - BDCarto;;UTF-8;2154;directory
road_import;ign_bdcarto;IGN - BDCarto;3.2;LATIN1;2154;directory
road_import;navteq;Navteq - Navstreets;;LATIN1;4326;directory
road_import;tomtom;TomTom - Multinet;;LATIN1;4326;directory
road_import;tomtom;TomTom - Multinet;1409;LATIN1;4326;directory
road_import;osm;OSM;;UTF8;4326;.pbf
road_import;visum;Visum;;LATIN1;4326;directory
road_import;tempus;Tempus;;UTF8;4326;directory
road_export;tempus;Tempus;;UTF8;4326;directory
poi_import;tempus;Tempus;;UTF8;4326;.shp
poi_import;insee_bpe;INSEE - BPE;;LATIN1;2154;directory
poi_export;tempus;Tempus;;UTF8;4326;.shp
pt_import;gtfs;GTFS;;UTF8;4326;.zip
pt_import;tempus;Tempus;;UTF8;4326;directory
pt_import;sncf;GTFS open-data SNCF (TER et IC);;UTF-8;2154;
pt_export;gtfs;GTFS;;UTF8;4326;.zip
pt_export;tempus;Tempus;;UTF8;4326;directory
zoning_import;tempus;Tempus;;UTF8;4326;.shp
zoning_import;ign_adminexpress;IGN - AdminExpress;;LATIN1;2154;directory
