var;mod_code;mod_lib;mod_data
node_type;0;Zone d'arrêt;
node_type;1;Noeud routier;
opt_crit;0;Temps minimum;
day_type;7;Dimanche;{0}
day_type;8;Jours ouvrés (lundi au vendredi);{1,2,3,4,5}
day_type;9;Jours ouvrables (lundi au samedi);{1,2,3,4,5,6}
day_type;0;Tous les jours;{0,1,2,3,4,5,6}
per_type;0;Tous les types de périodes;(SELECT DISTINCT calendar_dates.date FROM tempus_gtfs.calendar_dates)
day_type;2;Mardi;{2}
day_type;3;Mercredi;{3}
day_type;4;Jeudi;{4}
day_type;5;Vendredi;{5}
day_type;6;Samedi;{6}
day_type;1;Lundi;{1}
rep_meth;1;Alpha shapes;
rep_meth;2;Enveloppes concaves;
encoding;1;LATIN1;
encoding;2;UTF8;
encoding;3;UTF-8;
per_type;7;Jours fériés;(SELECT date FROM tempus.view_french_bank_holiday)
per_type;1;Vacances scolaires zone A;(SELECT start_date + generate_series(0, end_date - start_date) as date FROM tempus.holidays WHERE position('A' in name)>0)
per_type;2;Vacances scolaires zone B;(SELECT start_date + generate_series(0, end_date - start_date) as date FROM tempus.holidays WHERE position('B' in name)>0)
per_type;3;Vacances scolaires zone C;(SELECT start_date + generate_series(0, end_date - start_date) as date FROM tempus.holidays WHERE position('C' in name)>0)
per_type;4;Période scolaire zone A;((SELECT DISTINCT calendar_dates.date FROM tempus_gtfs.calendar_dates) EXCEPT (SELECT start_date + generate_series(0, end_date - start_date) as date FROM tempus.holidays WHERE position('A' in name)>0))
per_type;5;Période scolaire zone B;((SELECT DISTINCT calendar_dates.date FROM tempus_gtfs.calendar_dates) EXCEPT (SELECT start_date + generate_series(0, end_date - start_date) as date FROM tempus.holidays WHERE position('B' in name)>0))
per_type;6;Période scolaire zone C;((SELECT DISTINCT calendar_dates.date FROM tempus_gtfs.calendar_dates) EXCEPT (SELECT start_date + generate_series(0, end_date - start_date) as date FROM tempus.holidays WHERE position('C' in name)>0))
