code;lib;indic_list;def_name;needs_pt
0;Zones d'arrêt;{1,2,3,4,9,10};stop_areas;t
1;Arrêts;{1,2,3,4,9,10};stops;t
2;Sections;{1,2,3,4,5,6,7,8,21};sections;t
3;Trajets;{5,6,7,9,10,13,14,21};trips;t
4;Itinéraires de lignes;{1,2,3,4,5,6,7,8,9,10};stops_routes;t
5;Lignes;{1,8};routes;t
6;Opérateurs de transport;{8,9,10};agencies;t
7;Itinéraire(s) (résultats agrégés);{5,6,7,11,12,13,14,17,18,19,20,21,22};paths;f
8;Itinéraire(s) (résultats détaillés);{5,6,7,20,24};paths_details;f
9;Arborescence;{6,23,24,25};paths_tree;f
10;Combinaisons d'arborescences;{6,23,25};comb_paths_trees;f
